"id";"id_category";"product_name"
"1";"1";"Set Äá»“ 2 MÃ³n Gá»“m Ão SÆ¡ Mi Tay DÃ i VÃ  Quáº§n DÃ i Plus Size Phong CÃ¡ch Hong Kong Thá»i Trang XuÃ¢n Thu Cho Nam"
"2";"1";"Bá»™ Thá»ƒ Thao Nam Cháº¥t Ná»‰ 4 MÃ u Tráº» Trung NÄƒng Äá»™ng Thá»i Trang Cao Cáº¥p VICERO"
"3";"1";"Ão sÆ¡ mi nam form rá»™ng Pastel Premium phong cÃ¡ch Unisex thá»i trang"
"4";"1";"Quáº§n Ão Nam MÃ¹a HÃ¨ Vincii Äá»“ Bá»™ Thá»ƒ Thao Nam Ná»¯ Cao Cáº¥p Cotton Ngáº¯n Tay Má»m Má»‹n Tháº¥m HÃºt Má»“ HÃ´i Set Bá»™ Nam Ekc Thun"
"5";"1";"SÃ©t 3 mÃ³n Ã¡o gile + Ã¡o phÃ´ng + quáº§n Ä‘Ã¹i COH0321"
"6";"1";"Set Ão Thun Ngáº¯n Tay Cá»• Chá»¯ V Quáº§n short LÆ°ng Cao á»ng Rá»™ng Thá»i Trang Ná»¯"
"7";"1";"SÃ©t quáº§n Ã¡o thá»ƒ thao unisex Ã¡o thun tay lá»¡ PuM phá»‘i mÃ u Ä‘en tráº¯ng basic kÃ¨m quáº§n short Ä‘Ã¹i nam ná»¯ nÄƒng Ä‘á»™ng"
"8";"1";"Set Ã¡o thun ngáº¯n tay + quáº§n short IFNICEFUTURE thá»i trang cho nam"
"9";"1";"Bá»™ Ão Thun + ChÃ¢n VÃ¡y Ngáº¯n Káº» Sá»c Caro Thá»i Trang MÃ¹a HÃ¨ Má»›i Cho BÃ© 3-5-8-10-13 Tuá»•i 15-45KG"
"10";"1";"Bá»™ quáº§n Ã¡o sÆ¡ mi cho bÃ© Beemo, Cháº¥t liá»‡u cotton má»m má»‹n, mÃ u Ã¡o nÃ¢u káº¿t há»£p cÃ¹ng quáº§n Ä‘en vÃ´ cÃ¹ng báº£nh trai B087"
"11";"1";"Bá»™ Ão Thun + ChÃ¢n VÃ¡y Ngáº¯n Káº» Sá»c Caro Thá»i Trang MÃ¹a HÃ¨ Má»›i Cho BÃ© 3-5-8-10-13 Tuá»•i 15-45KG"
"12";"1";"Bá»™ quáº§n Ã¡o sÆ¡ mi cho bÃ© Beemo, Cháº¥t liá»‡u cotton má»m má»‹n, mÃ u Ã¡o nÃ¢u káº¿t há»£p cÃ¹ng quáº§n Ä‘en vÃ´ cÃ¹ng báº£nh trai B087"
"13";"1";"Pizama phi lá»¥a tay dÃ i quáº§n dÃ i"
"14";"2";"GiÃ y MLB Chunky Liner Ä‘á»§ mÃ u, giÃ y MLB báº£n cao cáº¥p ( tÄƒng 1 size ) full phá»¥ kiá»‡n"
"15";"2";"DÃ©p a.d.i.d.a.s Aqua Quai Ngang Slip On Äi MÆ°a Nhanh KhÃ´ CÃ ng Mang LÃ¢u CÃ ng ÃŠm ChÃ¢n"
"16";"2";"DÃ©p Ä‘i trong nhÃ  AYUER hÃ¬nh cÃ¡ máº­p 4cm"
"17";"2";"GiÃ y Thá»ƒ Thao AF1 Khoai MÃ´n Tráº¯ng Kem,GiÃ y air Force Cao Cáº¥p máº«u má»›i dÃ nh cho nam ná»¯u Full Size-Top1s"
"18";"2";"GiÃ y thá»ƒ thao nam nÄƒng Ä‘á»™ng tráº» trung cháº¥t liá»‡u váº£i thá»ƒ thao , Ä‘áº¿ cao su non Ä‘i ráº¥t má»m vÃ  Ãªm chÃ¢n - MÃ£ sáº£n pháº©m: B601"
"19";"2";"GiaÌ€y cao goÌt vuÃ´ng 7p hÆ¡Ì‰ muÌƒi quai cheÌo voÌ€ng cÃ´Ì‰ hÃ´Ì£t vuÃ´ng __LZ001"
"20";"2";"GiÃ y Sneaker LV MÃ u Tráº¯ng Thá»i trang siÃªu Hot, xá»‹n xÃ²,GiÃ y ( Fullbox vÃ  Freeship )"
"21";"2";"GiÃ y quai Ä‘Ã¡ sÃ¡ng hothit"
"22";"2";"5 MÃ€U - QUAI PHá»’NG CHUáº¨N] Guá»‘c lÃª ná»¯ cao gÃ³t 7cm quai da táº¿t bÃ­nh Ä‘an phá»“ng Ã´m chÃ¢n mÅ©i vuÃ´ng hot trend Ä‘áº¹p cháº£nh"
"23";"2";"GiÃ y Jordan cá»• cao Ä‘en tráº¯ng, JD1 cao cá»• nam ná»¯"
"26";"3";"Ä‘iá»‡n thoáº¡i S21 Pro android má»›i 8+256GB wifi 5G Ä‘iá»‡n thoáº¡i 2 SIM video hoáº¡t hÃ¬nh Ä‘iá»‡n thoáº¡i thÃ´ng minh"
"27";"3";"[MÃY Äáº¸P 99%] Äiá»‡n thoáº¡i Samsung j2 prime g532 (1,5/8GB) MÃ¡y cÅ©- HÃ ng chÃ­nh hÃ£ng"
"28";"3";"Äiá»‡n Thoáº¡i Samsung Galaxy A03 (3GB/32GB)- HÃ ng ChÃ­nh HÃ£ng"
"29";"3";"ÄiÃªÌ£n thoaÌ£i smartphone VIVO Y81 ram 4G/64G chÆ¡i game mÆ°Æ¡Ì£t zalo/fb tiktok cÆ°Ì£c Ãªm- BH 1 nÄƒm"
"30";"3";"Äiá»‡n Thoáº¡i Xiaomi Redmi 9A 2GB/32GB - HÃ ng ChÃ­nh HÃ£ng"
"31";"3";"Ä‘iá»‡n thoáº¡i Oppo A1 2sim ram 4G/64G má»›i ChÃ­nh hÃ£ng, Chiáº¿n PUBG/Free Fire mÆ°á»›t - BNN 04"
"32";"3";"Äiá»‡n Thoáº¡i Nokia 6303 ChÃ­nh HÃ£ng Vá» ThÃ©p Báº£o HÃ nh 12 ThÃ¡ng"
"33";"3";"Apple iPhone 14 128GB"
"34";"3";"Apple iPhone 11 128GB"
"35";"3";"Äiá»‡n Thoáº¡i Samsung Galaxy Z Flip3 5G 128GB"
"36";"3";"Apple iPhone 13 128GB"
"37";"4";"Laptop Huawei Matebook D15/Silver/15.6""HD Fullview/i3-10110U/8GB RAM/256SSD"
"38";"4";"MÃ¡y TÃ­nh Lenovo Thinkpad L380 - Core i5-8250u, Ram16G | SSD256G | MÃ n 13,3 inch | Báº£o HÃ nh 12 thÃ¡ng"
"39";"4";"MÃ¡y tÃ­nh xÃ¡ch tay 15.6 inch má»›i nháº¥t 2021"
"40";"4";"Laptop Asus ROG Strix G15 G513IH-HN015W/Ryzen 7-4800H/15.6""FHD/8GB/512GB/GTX 1650 4GB"
"41";"4";"MÃ¡y tÃ­nh HPI 450G3 Core i5-2.3GHz (6200U) / 8GB / 256GB / DVD multi / 15.6 / Win10Pro64bit"
"42";"4";"Laptop ASUS E410MA (Intel Celeron N4020/4GB/128GB SSD/14.0 HD/ 1.3KG"
"43";"4";"Laptop Dell Vostro 3425 R5-5625U,8GB,512GB,14""FHD,W11,OfficeHS2021 (V4R55625U206W)"
"44";"4";"Apple Macbook Pro (2022) M2 chip, 13.3 inches, 8GB, 256GB SSD"
"45";"4";"Apple Macbook Air (2022) M2 chip, 13.6 inches, 8GB, 256GB SSD"
"46";"4";"Laptop Asus ROG Strix G15 G513IH-HN015W/Ryzen 7-4800H/15.6""FHD/8GB/512GB/GTX 1650 4GB"
"47";"4";"Laptop Asus Vivobook 16X M1603QA-MB123W (AMD Ryzen 5-5600H)"
"48";"4";"Dell Inspiron 5310, Laptop VÄƒn PhÃ²ng Má»ng Nháº¹ ( Core i5-11320H, VGA Intel Iris Xe G7, MÃ n 13.3 inch 2K IPS, 100% sRGB )"
"49";"5";"Kem dÆ°á»¡ng tráº¯ng da body Rmon White Label Dia Whitening Cream 200ml, da sÃ¡ng Ä‘á»u mÃ u tráº¯ng há»“ng tá»± nhiÃªn, luhacosmetics"
"50";"5";"Serum dÆ°á»¡ng sÃ¡ng, lÃ m Ä‘á»u mÃ u da URIAGE DÃ‰PIDERM SÃ‰RUM CORRECTEUR Ã‰CLAT 30ml"
"51";"5";"BÃºt Káº» Máº¯t SUAKE NÃ©t Máº£nh"
"52";"5";"Son LÃ¬ Chá»‘ng DÃ­nh Cá»‘c LÃ¢u TrÃ´i KhÃ´ng Tháº¥m NÆ°á»›c Kakashow"
"53";"5";"Son Tint BÃ³ng LÃ¬ ná»™i Ä‘á»‹a trung PINKCOCO má»m má»‹n nhÆ° nhung chá»‘ng tháº¥m nÆ°á»›c chá»‘ng khÃ´ mÃ´i lÃ¢u"
"54";"5";"Combo Kem + Serum NÃ¡m Lasmar Má» NÃ¡m Da, TÃ n Nhang, Äá»“i Má»“i LÃ¢u NÄƒm Tá»« BÃªn Trong"
"55";"5";"MASK FAMILY Bá»™ 4 sáº£n pháº©m chÄƒm sÃ³c da máº·t gá»“m Ä‘áº­u xanh toner 200ml +sá»¯a rá»­a máº·t 120g + lotion 100ml + Máº·t náº¡ Ä‘áº¥t sÃ©t 125g"
"56";"5";"CÃ¢y LÄƒn MÃ¡t Xa Máº·t Chá»‘ng Náº¿p NhÄƒn ChÄƒm SÃ³c Da Tiá»‡n Dá»¥ng"
"57";"5";"BT TuÃ½p rá»—ng chuyÃªn dá»¥ng Ä‘á»±ng má»¹ pháº©m Ä‘a nÄƒng khi Ä‘i du lá»‹ch"
"58";"5";"Kem dÆ°á»¡ng da má»m má»‹n Redwin Vitamin E Cream 300g"
"59";"5";"SÃ¡p Wax vuá»‘t tÃ³c GENTLEMAN""S Clay Wax (BARBERSHOP)"
"60";"5";"NÆ°á»›c Hoa Nam Mini Sexy Man ğŸ’– NÆ°á»›c Hoa Nam ChÃ­nh HÃ£ng ThÆ¡m LÃ¢u Phong CÃ¡ch Sexy Nam TÃ­nh"
"61";"5";"Xá»‹t thÆ¡m Body mist mÃ¹i nam Victoria Fleur - 236ml"
"62";"5";"Dáº§u xáº£ cao cáº¥p HACHI VIETNAM Cascade 480g xanh ngá»c tinh cháº¥t báº¡c hÃ  dáº§u Oliu dÃ nh cho tÃ³c gÃ u ngá»©a"
"63";"6";"Set 6/9/10 Dá»¥ng Cá»¥ Láº¥y RÃ¡y Tai Äa NÄƒng Tiá»‡n Dá»¥ng"
"64";"6";"TÃºi chÆ°á»m nÃ³ng láº¡nh báº±ng cháº¥t liá»‡u má»m máº¡i JP6"
"65";"6";"Há»™p 50 cÃ¡i Kháº©u Trang 3D Mask"
"66";"6";"Äai chá»‘ng gÃ¹ lÆ°ng - vai - eo - cháº¥t liá»‡u bá»n-thoÃ¡ng - â€‹cÃ³ náº¹p cá»‘ Ä‘á»‹nh cá»™t sá»‘ng"
"67";"6";"Miáº¿ng DÃ¡n Massage Xung Äiá»‡n EMS TÃ­ch Há»£p 6 Cháº¿ Äá»™, GiaÌ‰m NhÆ°Ìc Má»i Cá»• Vai GÃ¡y HiÃªÌ£u QuaÌ‰, ThÆ° GiaÌƒn CÆ¡"
"68";"6";"Massage Ä‘áº§u cÃ¢y mÃ¡t xa Ä‘áº§u thÆ° giÃ£n thÃ´ng minh (MSD01)"
"69";"6";"Bao Tay Cao Su Y Táº¿ Äen KhÃ´ng Bá»™t há»™p 100 chiáº¿c ( 50 Ä‘Ã´i). GÄƒng Tay Äen SiÃªu Dai Sá»­ Dá»¥ng Trong TÃ³c Spa Phun XÄƒm Tháº©m Má»¹"
"70";"6";"NÆ¯á»šC NGÃ‚M KÃNH ÃP TRÃ’NG - NUá»šC NHá» Máº®T ( AQUA B5 )"
"71";"6";"NÆ°á»›c NgÃ¢m + Nhá» Máº¯t ChuyÃªn Dá»¥ng Cho Lens ThÆ°Æ¡ng Hiá»‡u Fresh Eye Xanh Há»“ng"
"72";"6";"Dá»¥ng Cá»¥ MÃ¡t Xa Cá»• Cáº§m Tay GiÃºp Giáº£m Ãp Lá»±c Tiá»‡n Dá»¥ng"
"73";"7";"Ão Giá»¯ Nhiá»‡t Nam ğŸ’ğ‘­ğ‘¹ğ‘¬ğ‘¬ğ‘ºğ‘¯ğ‘°ğ‘·ğŸ’ Ão DÃ i Tay Nam Body BÃ³ng ÄÃ¡ Co DÃ£n 2 Chiá»u - Bull Sport"
"74";"7";"TÃºi XÃ¡ch Du Lá»‹ch To Äáº¡i, Äá»±ng Quáº§n Ão, Äi ChÆ¡i DÃ i NgÃ y SiÃªu Äáº¹p"
"75";"7";"BÃ“NG ÄÃ Sá» 4 DA CAO Cáº¤P SIÃŠU PHáº¨M Má»šI(Táº¶NG TÃšI LÆ¯á»šI+KIM BÆ M+1 ÄÃ”I Táº¤T DÃ€I ÄÃ BÃ“NG) TRáº®NG Äá»"
"76";"7";"Giáº§y Ä‘Ã¡ bÃ³ng ba sá»c KHÃ‚U FULL Äáº¾ + TRá»°C TIáº¾P Tá»ª XÆ¯á»NG + Báº¢O HÃ€NH 3 THÃNG"
"77";"7";"BÃ³ Gá»‘i Thá»ƒ Thao Báº£o Vá»‡ Äáº§u Gá»‘i ChÆ¡i ÄÃ¡ BÃ³ng BÃ³ng Rá»• BÃ³ng Chuyá»n BÄƒng Äáº§u Gá»‘i Táº­p Gym Cháº¡y Bá»™ Tennis Cáº§u LÃ´ng Äáº¡p Xe Yoga"
"78";"7";"Ão bÃ³ng Ä‘Ã¡ 22/23 ,manchester united, man city, arsenal, liverpool, tottenham, psg, milan, munich, real madrid, barcelona"
"79";"7";"Ão giá»¯ nhiá»‡t nam dÃ i tay full size thá»ƒ thao 6 mÃ u cÃ¡ tÃ­nh Ão thun nam cá»• trÃ²n váº£i má»m máº¡i siÃªu co giÃ£n 2c"
"80";"7";"Táº¥t Ä‘Ã¡ bÃ³ng ğŸ’™FREESHIPğŸ’™ vá»› Ä‘Ã¡ banh, táº¥t bÃ³ng Ä‘Ã¡ chá»‘ng trÆ°á»£t cao cáº¥p"
"81";"7";"DÃ¢y nháº£y giáº£m cÃ¢n Ä‘á»‘t má»¡ bá»¥ng lÃµi thÃ©p Ä‘Ã n há»“i cÃ³ táº¡ 2.9m táº­p thá»ƒ dá»¥c gym muay thÃ¡i táº¡i nhÃ  fashion86_store"
"82";"7";"TÃºi Ä‘á»±ng giÃ y dÃ©p du lá»‹ch thá»ƒ thao Ä‘Ã¡ bÃ³ng dÃ¢y rÃºt MAKAN"
"83";"7";"BÄƒng keo thá»ƒ thao Ä‘Ã¡ bÃ³ng cuá»‘n cá»• chÃ¢n cá»• tay cao su non váº£i chá»‘ng cháº¥n thÆ°Æ¡ng há»— trá»£ thi Ä‘áº¥u vÃ  táº­p luyá»‡n"
"84";"7";"GÄƒng tay thá»ƒ thao thoÃ¡ng khÃ­ chá»‘ng náº¯ng thÃ­ch há»£p Ä‘á»ƒ chÆ¡i thá»ƒ thao ngoÃ i trá»i"
"85";"7";"Ão bra táº­p Gym, Yoga ba khuy cÃ i sau cháº¥t Ä‘áº¹p (CÃ“ SIZE) ms 889"
"86";"7";"Quáº§n chun mÃ´ng táº­p gym cáº¡p cao, quáº§n legging táº­p gym ná»¯, táº­p mÃ´ng co giÃ£n 8 chiá»u QCM01"
"87";"8";"DÆ°á»¡ng tÃ¢m giÃ u cÃ³ dÆ°á»¡ng thÃ¢n nghÃ¨o khÃ³"
"88";"8";"SÃ¡ch - Bá»™ 7 Cuá»‘n: 30 NgÃ y Thay Äá»•i Báº£n ThÃ¢n - Loáº¡i Bá» 30 ThÃ³i Quen Xáº¥u ÄÃ¡nh Cáº¯p Thá»i Gian Cá»§a Báº¡n"
"89";"8";"SÃ¡ch - TÃ´i Quyáº¿t Äá»‹nh Sá»‘ng Cho ChÃ­nh TÃ´i (Báº£n KhÃ´ng Sá»• To Do List)"
"90";"8";"SÃ¡ch - RÃ¨n luyá»‡n tÆ° duy pháº£n biá»‡n"
"91";"8";"SÃ¡ch - HÃ nh Tinh Cá»§a Má»™t Káº» NghÄ© Nhiá»u"
"92";"8";"SÃ¡ch Khi Báº¡n Äang MÆ¡ ThÃ¬ NgÆ°á»i KhÃ¡c Äang Ná»— Lá»±c"
"93";"8";"SÃ¡ch Tuá»•i Tráº» ÄÃ¡ng GiÃ¡ Bao NhiÃªu"
"94";"8";"SÃ¡ch - TÃ´i Tá»«ng NghÄ© Má»i Thá»© Sáº½ á»”n Khi Trá»Ÿ ThÃ nh NgÆ°á»i Lá»›n"
"95";"8";"SÃ¡ch Hai sá»‘ pháº­n (BÃ¬a cá»©ng)"
"96";"8";"SÃ¡ch KhÃ©o Ä‚n NÃ³i Sáº½ CÃ³ ÄÆ°á»£c ThiÃªn Háº¡ ( TÃ¡i Báº£n )"
"97";"9";"Pcbfun MÃ´ Ä‘un Chuyá»ƒn Ä‘á»•i TÄƒng Ã¡p 1800w 40a Dc-dc"
"98";"9";"Má» HÃ n Thiáº¿c 60w Má» HÃ n Äiá»‡n Mini Äiá»‡n Tá»­ Chá»‰nh Nhiá»‡t"
"99";"9";"KÃ¬m cáº¯t chÃ¢n linh kiá»‡n Ä‘iá»‡n tá»­ HOBO USA (3 1/2â€) - ThÃ©p Cr-v khÃ´ng gá»‰ cao cáº¥p - HÃ ng cháº¥t lÆ°á»£ng"
"100";"9";"Linh KiÃªÌ£n ÄiÃªÌ£n TÆ°Ì‰ Diode Cáº§u"
"101";"9";"ÄÃ¨n Led nhÃ¡y 7 mÃ u 5mm (vá» trong suá»‘t) / Led nháº¥p nhÃ¡y 7 mÃ u ngáº«u nhiÃªn / Linh Kiá»‡n Äiá»‡n Tá»­"
"102";"9";"Module relay 5V, 12V 1 kÃªnh Ä‘Ã³ng cáº¯t thiáº¿t bá»‹ Ä‘iá»‡n 10A"
"103";"9";"Thiáº¿t bá»‹ nháº¥p nhÃ¡y mÃ n hÃ¬nh Ä‘iá»‡n thoáº¡i tá»­ tá»± Ä‘á»™ng cÃ³ thá»ƒ Ä‘iá»u chá»‰nh,Thiáº¿t bá»‹ báº¥m tá»± Ä‘á»™ng giá»¯ mÃ n hÃ¬nh sÃ¡ng dÃ¹ng khi chÆ¡i game mÃ u"
"104";"9";"Pin Maxell 2A , 3A cho camera thiáº¿t bá»‹ Ä‘iá»‡n tá»­ chuá»™t khÃ´ng dÃ¢y"
"105";"9";"Äá»“ng Há»“ Äo Äiá»‡n Váº¡n NÄƒng DT9205A - ThÃ­ch há»£p cho thá»£ Ä‘iá»‡n tá»­ hay há»c sinh sinh viÃªn há»c- báº£o hÃ nh 1 thÃ¡ng"
"106";"9";"CÃ¢n Ä‘iá»‡n tá»­ mini bá» tÃºi MH333, CÃ¢n tiá»ƒu ly 200g/0.01g, Thiáº¿t káº¿ kiá»ƒu dÃ¡ng náº¯p gáº­p, bá» tÃºi tiá»‡n lá»£i"
"107";"9";"Bá»˜ TÃ” VÃT Sá»¬A ÄIá»†N THOáº I, LINH KIá»†N ÄIá»†N Tá»¬ (HARDEN) - 6 CHI TIáº¾T - 550121 DC-TOOLS"
"108";"9";"Module Cáº£m Biáº¿n KhÃ­ GAS MQ2"
"109";"9";"VÃ´n Káº¿ Äiá»‡n Tá»­ 0.36 Inch 4.5V-30VDC"
"110";"9";"Cáº§u chÃ¬ á»‘ng 5x20 -0.2A -0.5A - 1A - 2A - 3A - 5A-6A-7A-8A - 10A-12A-15A-20A"
"111";"10";"LIGE Äá»“ng Há»“ Nam MÃ u Äen Äá»“ng Há»“ Äeo Tay Thá»ƒ Thao Chá»‘ng NÆ°á»›c ChÃ­nh HÃ£ng Má»›i Nháº¥t Lá»‹ch VÃ  Há»™p Äá»“ng Há»“ Báº¥m Giá» Wth"
"112";"10";"Äá»“ng Há»“ Äiá»‡n Tá»­ Dáº¡ Quang Thá»i Trang"
"113";"10";"Äá»“ng há»“ nam, ná»¯ thá»ƒ thao kiá»ƒu dÃ¡ng má»›i khá»e khoáº¯n mÃ¡y cÆ¡ dÃ¢y cao su SPORT WATER"
"114";"10";"Äá»“ng há»“ thá»i trang ná»¯ Mstianq MH022 máº·t hoa cÃºc cá»±c Ä‘áº¹p, nhiá»u mÃ u dá»ƒ dÃ ng phá»‘i Ä‘á»“, cÃ¡ tÃ­nh, tráº» trung"
"115";"10";"[SHOP CHÃNH HÃƒNG] Äá»“ng há»“ nam OLEVS 2881 Lá»‹ch dÃ¢y Ä‘eo báº±ng thÃ©p khÃ´ng gá»‰ CÃ³ chá»©c nÄƒng phÃ¡t sÃ¡ng chá»‘ng tháº¥m nÆ°á»›c"
"116";"10";"Äá»“ng Há»“ Nam ChÃ­nh HÃ£ng Geneva G22 TD3 DÃ¢y ThÃ©p LÆ°á»›i Cao Cáº¥p Phong CÃ¡ch Thá»i Trang Äáº¹p giÃ¡ Ráº»"
"117";"10";"Äá»“ng há»“ Nam Ä‘áº¹p Tisselly Bussiness Classic | Äá»“ng há»“ chá»‘ng nÆ°á»›c, chá»‘ng xÆ°á»›c dÃ nh cho Nam 40MM "
"118";"10";"Äá»“ng Há»“ Ná»¯ Daniel Wellington Classic Petite Ashfield Rose Gold & Cuff DW V1 ChÃ­nh HÃ£ng - OtisWatch MSP47528"
"119";"10";"Äá»“ng Há»“ Nam DÃ¢y Da Thiáº¿t Káº¿ ÄÆ¡n Giáº£n"
"120";"10";"Äá»“ng Há»“ Kim Chá»‘ng Tháº¥m NÆ°á»›c Thá»i Trang DÃ nh Cho Nam"
"121";"10";"Äá»“ng há»“ thá»i trang ná»¯ VKA Ä‘Ã­nh cÆ°á»m dÃ¢y silicon GBM111"
"122";"10";"[SHOP CHÃNH HÃƒNG] OLEVS 2871 Äá»“ng há»“ nam chÃ­nh hÃ£ng Lá»‹ch chuyá»ƒn Ä‘á»™ng tháº¡ch anh Máº·t sá»‘ phÃ¡t sÃ¡ng chá»‘ng tháº¥m nÆ°á»›c"
"123";"11";"Bá»™ mÃ¡y áº£nh Nikon 1 J1 kÃ¨m á»‘ng kÃ­nh NIKKOR 10-30mm f/3.5â€“5.6 VR Mirrorless nhá» gá»n, dá»… sá»­ dá»¥ng"
"124";"11";"Skin 3M dÃ¡n full body cho mÃ¡y áº£nh canon eos R5 , Eos R6"
"125";"11";"MÃ¡y quay ká»¹ thuáº­t sá»‘ cáº§m tay HD 1080P 16X HD 1080P"
"126";"11";"Inch TFT LCD Display 18MP 720P 8x Zoom HD Digital Camera Anti-Shake Camcorder Videos CMOS Micro Camera"
"127";"11";"MÃ¡y áº£nh film pns Pentax Espio 125M"
"128";"11";"Camera SLR KÄ© Thuáº­t Sá»‘ SiÃªu Má»ng Hd 1080p Slr 4k Dv 2.4 Inch Zoom 16x"
"129";"11";"Bá»™ mÃ¡y áº£nh canon 450D kÃ¨m á»‘ng kÃ­nh"
"130";"11";"Bá»™ mÃ¡y áº£nh Mirrorless Nikon 1 J2 kÃ¨m á»‘ng kÃ­nh Kit NIKKOR 10-30mm f/3.5â€“5.6VR"
"131";"11";"Bá»™ mÃ¡y áº£nh Canon EOS 100D (Kiss X7) kÃ¨m á»‘ng kÃ­nh Canon EF-S 18-55mm"
"132";"11";"MÃ¡y áº£nh Canon M50 kÃ¨m lens 15-45mm"
"133";"12";"Set 2 khÄƒn táº¯m + khÄƒn máº·t gáº¥u há»“ng LOTSO"
"134";"12";"MÅ© gá»™i Ä‘áº§u cháº¯n nÆ°á»›c báº£o vá»‡ tai cho bÃ© 0 - 6 tuá»•i, cÃ³ thá»ƒ Ä‘iá»u chá»‰nh vÃ²ng Ä‘áº§u"
"135";"12";"NÃ³n báº£o hiá»ƒm 3/4 Tiroshi chÃ­nh hÃ£ng, mÅ© báº£o hiá»ƒm cao cáº¥p thá»i trang thoÃ¡ng khÃ­, báº£o vá»‡ Ä‘áº§u chá»‘ng va Ä‘áº­p"
"136";"12";"Tem rá»i sirius máº«u zin + tem 3 lá»›p+ 50cc -110cc"
"137";"12";"ÄÃ¨n trá»£ sÃ¡ng l4 Ngáº¯n 3 cháº¿ Ä‘á»™ SÃ¡ng táº·ng kÃ¨m cÃ´ng táº¯c + á»‘c gÆ°Æ¡ng"
"138";"12",
"139";"12";"MÃ¡y lá»c nÆ°á»›c 2 vÃ²i NÃ³ng Nguá»™i AQuausan máº«u má»›i 2022"
"140";"12";"MÃ¡y hÃºt bá»¥i cáº§m tay - MÃ¡y hÃºt khÃ´ng dÃ¢y lá»±c hÃºt siÃªu máº¡nh sá»­ dá»¥ng pin sáº¡c, dÃ¹ng hÃºt bá»¥i Ã´ tÃ´, bá»¥i giÆ°á»ng tháº£m vv."
"141";"12";"KÃ­nh MÃ¡t Gá»ng VuÃ´ng Lá»›n Chá»‘ng Ãnh SÃ¡ng Xanh Thá»i Trang HÃ n Quá»‘c"
"142";"12";"VÃ²ng Äeo Tay Máº·t Gáº¥u Trong Suá»‘t Ba Chiá»u Thá»i Trang HÃ n Quá»‘c"
"143";"12";"ToÃ n Quá»‘c [E-Voucher] GÃ³i Netflix Premium HD/4K - GÃ³i 3 thÃ¡ng, 6 thÃ¡ng vÃ  12 thÃ¡ng gÃ³i share"
"144";"12";"Tháº» viettel 20k"
